DistrictCode,DistrictName,SchoolCode,SchoolName,BegginingGrade9,TransferIn,Year1Dropout,Year2Dropout,Year3Dropout,Year4Dropout,TransferOut,FinalCohort,Graduate,Continuing,Dropout,GraduationRate
14005.0,Aberdeen School District,3857.0,Harbor High School,41.0,2.0,,,2.0,7.0,1.0,42.0,14.0,19.0,9.0,0.3333
14005.0,Aberdeen School District,3476.0,J M Weatherwax High School,193.0,27.0,3.0,2.0,2.0,3.0,24.0,196.0,161.0,25.0,10.0,0.8214
29103.0,Anacortes School District,2467.0,Anacortes High School,167.0,26.0,,,1.0,2.0,25.0,168.0,161.0,4.0,3.0,0.9583
29103.0,Anacortes School District,5176.0,Cap Sante High School,41.0,5.0,,,1.0,10.0,7.0,39.0,15.0,13.0,11.0,0.3846
31016.0,Arlington School District,2523.0,Arlington High School,399.0,26.0,1.0,,4.0,12.0,36.0,389.0,365.0,7.0,17.0,0.9383
31016.0,Arlington School District,2277.0,Arlington Special Educ School,,1.0,,,,,1.0,0.0,0.0,0.0,0.0,
31016.0,Arlington School District,4287.0,Weston High School,38.0,7.0,,,1.0,1.0,9.0,36.0,20.0,14.0,2.0,0.5556
2420.0,Asotin-Anatone School District,2434.0,Asotin Jr Sr High,60.0,9.0,,,1.0,1.0,6.0,63.0,58.0,3.0,2.0,0.9206
17408.0,Auburn School District,5037.0,Auburn Mountainview High School,366.0,48.0,,2.0,7.0,17.0,46.0,368.0,337.0,5.0,26.0,0.9158
17408.0,Auburn School District,5522.0,Auburn Opportunity Project,51.0,8.0,,,,26.0,0.0,59.0,14.0,19.0,26.0,0.2373
17408.0,Auburn School District,4474.0,Auburn Riverside High School,349.0,50.0,,1.0,4.0,14.0,53.0,346.0,319.0,8.0,19.0,0.922
17408.0,Auburn School District,2795.0,Auburn Senior High School,393.0,65.0,4.0,6.0,8.0,36.0,55.0,403.0,320.0,29.0,54.0,0.794
17408.0,Auburn School District,1915.0,Special Ed School,,1.0,,,,,1.0,0.0,0.0,0.0,0.0,
17408.0,Auburn School District,2702.0,West Auburn Senior High School,99.0,13.0,,4.0,23.0,31.0,12.0,100.0,24.0,18.0,58.0,0.24
18303.0,Bainbridge Island School District,2395.0,Bainbridge High School,284.0,38.0,,,3.0,5.0,36.0,286.0,272.0,6.0,8.0,0.951
18303.0,Bainbridge Island School District,1939.0,Bainbridge Special Education Services,1.0,,,,,,1.0,0.0,0.0,0.0,0.0,
18303.0,Bainbridge Island School District,1935.0,Eagle Harbor High School,39.0,1.0,,,1.0,3.0,3.0,37.0,29.0,4.0,4.0,0.7838
6119.0,Battle Ground School District,2415.0,Battle Ground High School,457.0,62.0,1.0,6.0,14.0,22.0,68.0,451.0,397.0,11.0,43.0,0.8803
6119.0,Battle Ground School District,1875.0,Homelink River,94.0,14.0,1.0,1.0,3.0,14.0,16.0,92.0,73.0,0.0,19.0,0.7935
6119.0,Battle Ground School District,4104.0,Prairie High School,328.0,73.0,2.0,,8.0,22.0,56.0,345.0,299.0,14.0,32.0,0.8667
6119.0,Battle Ground School District,4450.0,Summit View High School,165.0,23.0,,3.0,23.0,51.0,9.0,179.0,50.0,52.0,77.0,0.2793
17405.0,Bellevue School District,2701.0,Bellevue High School,413.0,90.0,4.0,10.0,3.0,5.0,67.0,436.0,403.0,11.0,22.0,0.9243
17405.0,Bellevue School District,3588.0,Interlake Senior High School,377.0,59.0,4.0,3.0,2.0,13.0,45.0,391.0,359.0,10.0,22.0,0.9182
17405.0,Bellevue School District,3486.0,Newport Senior High School,400.0,55.0,,1.0,2.0,1.0,35.0,420.0,404.0,12.0,4.0,0.9619
17405.0,Bellevue School District,3282.0,Sammamish Senior High,256.0,54.0,,1.0,7.0,12.0,30.0,280.0,257.0,3.0,20.0,0.9179
37501.0,Bellingham School District,2553.0,Bellingham High School,231.0,36.0,,,7.0,3.0,20.0,247.0,220.0,17.0,10.0,0.8907
37501.0,Bellingham School District,1694.0,Home Port Learning Center (Closed after 2016-2017 school year),1.0,,,,,,1.0,0.0,0.0,0.0,0.0,
37501.0,Bellingham School District,1647.0,Options High School,56.0,5.0,,2.0,1.0,3.0,6.0,55.0,39.0,10.0,6.0,0.7091
37501.0,Bellingham School District,3576.0,Sehome High School,294.0,33.0,,,1.0,6.0,35.0,292.0,268.0,17.0,7.0,0.9178
37501.0,Bellingham School District,4515.0,Squalicum High School,286.0,37.0,2.0,2.0,9.0,14.0,20.0,303.0,257.0,19.0,27.0,0.8482
27403.0,Bethel School District,5372.0,Acceleration Academy,158.0,13.0,,3.0,19.0,51.0,84.0,87.0,4.0,10.0,73.0,0.046
27403.0,Bethel School District,2807.0,Bethel High School,393.0,59.0,4.0,1.0,4.0,15.0,68.0,384.0,352.0,8.0,24.0,0.9167
27403.0,Bethel School District,1510.0,Challenger High School,122.0,12.0,,1.0,1.0,15.0,14.0,120.0,82.0,21.0,17.0,0.6833
27403.0,Bethel School District,5033.0,Graham Kapowsin High School,435.0,70.0,1.0,3.0,10.0,19.0,72.0,433.0,379.0,21.0,33.0,0.8753
27403.0,Bethel School District,4158.0,Spanaway Lake High School,339.0,64.0,3.0,1.0,6.0,12.0,91.0,312.0,276.0,14.0,22.0,0.8846
37503.0,Blaine School District,3136.0,Blaine High School,140.0,39.0,1.0,5.0,6.0,4.0,40.0,139.0,118.0,5.0,16.0,0.8489
18100.0,Bremerton School District,3109.0,Bremerton High School,248.0,60.0,2.0,4.0,10.0,24.0,33.0,275.0,217.0,18.0,40.0,0.7891
18100.0,Bremerton School District,1737.0,Renaissance Alternative High School,47.0,2.0,,2.0,5.0,10.0,2.0,47.0,18.0,12.0,17.0,0.38299999999999995
9075.0,Bridgeport School District,2788.0,Bridgeport High School,53.0,8.0,1.0,1.0,,1.0,3.0,58.0,53.0,2.0,3.0,0.9138
29100.0,Burlington-Edison School District,1928.0,Burlington-Edison Alternative School,24.0,3.0,,2.0,2.0,4.0,2.0,25.0,15.0,2.0,8.0,0.6
29100.0,Burlington-Edison School District,2362.0,Burlington Edison High School,256.0,33.0,2.0,4.0,6.0,14.0,30.0,259.0,228.0,5.0,26.0,0.8803
6117.0,Camas School District,4567.0,Camas High School,533.0,63.0,2.0,3.0,2.0,13.0,57.0,539.0,501.0,18.0,20.0,0.9295
6117.0,Camas School District,5104.0,Hayes Freedom High School,43.0,12.0,,1.0,1.0,4.0,12.0,43.0,32.0,5.0,6.0,0.7442
4228.0,Cascade School District,3564.0,Cascade High School,93.0,21.0,,1.0,,7.0,20.0,94.0,83.0,3.0,8.0,0.883
4222.0,CASHMERE SCHOOL DISTRICT,3268.0,CASHMERE HIGH SCHOOL,115.0,9.0,,,2.0,4.0,12.0,112.0,105.0,1.0,6.0,0.9375
8401.0,Castle Rock School District,2281.0,Castle Rock High School,101.0,14.0,1.0,,1.0,6.0,10.0,105.0,87.0,10.0,8.0,0.8286
18401.0,Central Kitsap School District,5472.0,Barker Creek Community School,102.0,20.0,,,,16.0,13.0,109.0,70.0,23.0,16.0,0.6422
18401.0,Central Kitsap School District,2615.0,Central Kitsap High School,320.0,88.0,,,3.0,5.0,84.0,324.0,297.0,19.0,8.0,0.9167
18401.0,Central Kitsap School District,5199.0,CK Online Academy (Closed after 2015-2016 school year),1.0,,,,,,1.0,0.0,0.0,0.0,0.0,
18401.0,Central Kitsap School District,4509.0,Klahowya Secondary,146.0,24.0,1.0,3.0,1.0,2.0,22.0,148.0,135.0,6.0,7.0,0.9122
18401.0,Central Kitsap School District,1740.0,Off Campus (Closed after 2016-2017 school year),2.0,1.0,,,,,3.0,0.0,0.0,0.0,0.0,
18401.0,Central Kitsap School District,4100.0,Olympic High School,280.0,28.0,1.0,1.0,2.0,6.0,37.0,271.0,245.0,16.0,10.0,0.9041
32356.0,Central Valley School District,3065.0,Central Valley High School,477.0,89.0,6.0,13.0,11.0,6.0,24.0,542.0,455.0,51.0,36.0,0.8395
32356.0,Central Valley School District,5328.0,CVSD Open Doors Programs,37.0,7.0,,1.0,8.0,12.0,1.0,43.0,6.0,16.0,21.0,0.1395
32356.0,Central Valley School District,3918.0,Mica Peak High School,64.0,6.0,3.0,,,7.0,2.0,68.0,44.0,14.0,10.0,0.6471
32356.0,Central Valley School District,1964.0,Spokane Valley Learning Academy,,1.0,,,,,1.0,0.0,0.0,0.0,0.0,
32356.0,Central Valley School District,3415.0,University High School,406.0,49.0,3.0,3.0,3.0,13.0,23.0,432.0,392.0,18.0,22.0,0.9074
21401.0,Centralia School District,2166.0,Centralia High School,217.0,36.0,1.0,1.0,5.0,10.0,49.0,204.0,178.0,9.0,17.0,0.8725
21401.0,Centralia School District,5359.0,Futurus High School,25.0,2.0,,1.0,3.0,3.0,6.0,21.0,7.0,7.0,7.0,0.3333
21302.0,Chehalis School District,5369.0,Lewis County Alternative School,24.0,6.0,,1.0,2.0,10.0,2.0,28.0,11.0,4.0,13.0,0.3929
21302.0,Chehalis School District,2799.0,W F West High School,205.0,19.0,,3.0,,2.0,28.0,196.0,186.0,5.0,5.0,0.9490000000000001
32360.0,Cheney School District,3610.0,Cheney High School,286.0,41.0,1.0,3.0,5.0,6.0,55.0,272.0,242.0,15.0,15.0,0.8897
32360.0,Cheney School District,5396.0,Cheney Open Doors,17.0,,,,4.0,7.0,0.0,17.0,2.0,4.0,11.0,0.1176
32360.0,Cheney School District,1769.0,Three Springs High School,15.0,2.0,1.0,1.0,2.0,3.0,2.0,15.0,6.0,2.0,7.0,0.4
33036.0,Chewelah School District,1763.0,Quartzite Learning,21.0,6.0,,,1.0,1.0,2.0,25.0,14.0,9.0,2.0,0.56
27901.0,Chief Leschi Schools,5549.0,Chief Leschi Schools,33.0,4.0,,,,7.0,3.0,34.0,24.0,3.0,7.0,0.7059
16049.0,Chimacum School District,3275.0,Chimacum Junior/Senior High School,77.0,12.0,,,3.0,2.0,11.0,78.0,71.0,2.0,5.0,0.9103
2250.0,Clarkston School District,2299.0,Charles Francis Adams High School,149.0,36.0,,2.0,3.0,6.0,29.0,156.0,142.0,3.0,11.0,0.9103
2250.0,Clarkston School District,1617.0,Educational Opportunity Center,27.0,9.0,,1.0,2.0,9.0,4.0,32.0,14.0,6.0,12.0,0.4375
2250.0,Clarkston School District,2501.0,Lincoln Middle School,,1.0,,,,,1.0,0.0,0.0,0.0,0.0,
2250.0,Clarkston School District,3616.0,Special Services,1.0,,,,,,1.0,0.0,0.0,0.0,0.0,
19404.0,Cle Elum-Roslyn School District,2329.0,Cle Elum Roslyn High School,55.0,5.0,1.0,1.0,,1.0,10.0,50.0,46.0,1.0,3.0,0.92
19404.0,Cle Elum-Roslyn School District,1987.0,Swiftwater Alternative High School,10.0,,,,,2.0,0.0,10.0,8.0,0.0,2.0,0.8
27400.0,Clover Park School District,2425.0,Clover Park High School,282.0,94.0,8.0,9.0,21.0,13.0,76.0,300.0,222.0,27.0,51.0,0.74
27400.0,Clover Park School District,5411.0,CPSD Open Doors Program,100.0,34.0,,2.0,14.0,40.0,8.0,126.0,8.0,62.0,56.0,0.0635
27400.0,Clover Park School District,3456.0,Lakes High School,326.0,127.0,3.0,3.0,3.0,8.0,173.0,280.0,233.0,30.0,17.0,0.8321
27400.0,Clover Park School District,5298.0,Oakridge Group Home,3.0,,,,,,3.0,0.0,0.0,0.0,0.0,
27400.0,Clover Park School District,5297.0,Transition Day Students,1.0,,,,,,1.0,0.0,0.0,0.0,0.0,
38300.0,Colfax School District,3366.0,Colfax High School,48.0,3.0,,2.0,,,9.0,42.0,39.0,1.0,2.0,0.9286
36250.0,College Place School District,5362.0,College Place High School,89.0,19.0,,,,2.0,17.0,91.0,84.0,5.0,2.0,0.9231
36400.0,Columbia (Walla Walla) School District,4049.0,Columbia High School,53.0,11.0,3.0,1.0,4.0,2.0,5.0,59.0,42.0,7.0,10.0,0.7119
33115.0,Colville School District,3310.0,Colville Senior High School,135.0,19.0,,,1.0,5.0,16.0,138.0,126.0,6.0,6.0,0.9129999999999999
33115.0,Colville School District,1594.0,Panorama School,14.0,8.0,,,2.0,5.0,6.0,16.0,8.0,1.0,7.0,0.5
29011.0,Concrete School District,2810.0,Concrete High School,33.0,1.0,,,1.0,5.0,1.0,33.0,25.0,2.0,6.0,0.7576
29011.0,Concrete School District,1605.0,Twin Cedars High School,8.0,3.0,,1.0,2.0,2.0,1.0,10.0,2.0,3.0,5.0,0.2
15204.0,Coupeville School District,2625.0,Coupeville High School,64.0,13.0,,,,1.0,12.0,65.0,61.0,3.0,1.0,0.9385
5313.0,Crescent School District,3473.0,Crescent School,17.0,5.0,1.0,,,2.0,4.0,18.0,15.0,0.0,3.0,0.8333
10050.0,Curlew School District,2006.0,Curlew Elem & High School,41.0,23.0,,,8.0,23.0,4.0,60.0,15.0,14.0,31.0,0.25
26059.0,Cusick School District,2423.0,Cusick Jr Sr High School,13.0,6.0,,,,,6.0,13.0,11.0,2.0,0.0,0.8462
26059.0,Cusick School District,5538.0,Home Pride,2.0,,,,,,2.0,0.0,0.0,0.0,0.0,
31330.0,Darrington School District,3188.0,Darrington High School,31.0,4.0,,,1.0,3.0,4.0,31.0,25.0,2.0,4.0,0.8065
22207.0,Davenport School District,3173.0,Davenport Senior High School,46.0,7.0,,,,,5.0,48.0,45.0,3.0,0.0,0.9375
7002.0,Dayton School District,2302.0,Dayton High School,29.0,7.0,,,,,5.0,31.0,26.0,5.0,0.0,0.8387
32414.0,Deer Park School District,4123.0,Deer Park High School,163.0,20.0,,1.0,1.0,8.0,17.0,166.0,151.0,5.0,10.0,0.9096
32361.0,East Valley School District (Spokane),3360.0,East Valley High School,241.0,44.0,3.0,3.0,8.0,21.0,32.0,253.0,204.0,14.0,35.0,0.8063
32361.0,East Valley School District (Spokane),5432.0,EV Online,24.0,4.0,,,3.0,9.0,6.0,22.0,8.0,2.0,12.0,0.3636
32361.0,East Valley School District (Spokane),5433.0,EV Parent Partnership,11.0,6.0,,,,1.0,7.0,10.0,8.0,1.0,1.0,0.8
39090.0,East Valley School District (Yakima),2344.0,East Valley High School,217.0,20.0,1.0,2.0,5.0,8.0,12.0,225.0,199.0,10.0,16.0,0.8844
9206.0,Eastmont School District,2727.0,Eastmont Senior High,451.0,53.0,1.0,5.0,12.0,42.0,20.0,484.0,407.0,17.0,60.0,0.8409
27404.0,Eatonville School District,2206.0,Eatonville High School,154.0,15.0,1.0,,2.0,1.0,27.0,142.0,132.0,6.0,4.0,0.9296
27404.0,Eatonville School District,5332.0,ESD New Beginnings,14.0,2.0,,1.0,2.0,2.0,1.0,15.0,3.0,7.0,5.0,0.2
31015.0,Edmonds School District,1519.0,Edmonds eLearning Academy,51.0,7.0,3.0,4.0,6.0,20.0,3.0,55.0,10.0,12.0,33.0,0.1818
31015.0,Edmonds School District,1966.0,Edmonds Heights K-12,57.0,13.0,,,1.0,2.0,14.0,56.0,43.0,10.0,3.0,0.7679
31015.0,Edmonds School District,3123.0,Edmonds Woodway High School,367.0,51.0,1.0,4.0,5.0,10.0,25.0,393.0,346.0,27.0,20.0,0.8804
31015.0,Edmonds School District,3755.0,Lynnwood High School,319.0,51.0,,2.0,6.0,23.0,24.0,346.0,281.0,34.0,31.0,0.8121
31015.0,Edmonds School District,3464.0,Meadowdale High School,342.0,50.0,2.0,2.0,6.0,10.0,26.0,366.0,324.0,22.0,20.0,0.8852
31015.0,Edmonds School District,3303.0,Mountlake Terrace High School,298.0,33.0,,3.0,1.0,7.0,20.0,311.0,288.0,12.0,11.0,0.9259999999999999
31015.0,Edmonds School District,3854.0,Scriber Lake High School,68.0,3.0,,2.0,5.0,16.0,7.0,64.0,25.0,16.0,23.0,0.3906
31015.0,Edmonds School District,1558.0,Unassigned School,,1.0,,,,,1.0,0.0,0.0,0.0,0.0,
19401.0,Ellensburg School District,2996.0,Ellensburg High School,238.0,29.0,1.0,1.0,2.0,5.0,27.0,240.0,225.0,6.0,9.0,0.9375
19401.0,Ellensburg School District,5097.0,K-12 Ellensburg Learning Center,14.0,,,,,1.0,2.0,12.0,7.0,4.0,1.0,0.5833
14068.0,Elma School District,2137.0,Elma High School,86.0,11.0,,2.0,1.0,2.0,12.0,85.0,75.0,5.0,5.0,0.8824
4127.0,Entiat School District,3317.0,Entiat Middle and High School,21.0,2.0,,,,4.0,1.0,22.0,18.0,0.0,4.0,0.8182
17216.0,Enumclaw School District,3330.0,Enumclaw Sr High School,337.0,22.0,4.0,9.0,7.0,23.0,15.0,344.0,288.0,13.0,43.0,0.8372
13165.0,Ephrata School District,2920.0,Ephrata High School,192.0,27.0,,1.0,2.0,3.0,30.0,189.0,180.0,3.0,6.0,0.9524
31002.0,Everett School District,3407.0,Cascade High School,397.0,46.0,,2.0,2.0,6.0,40.0,403.0,382.0,11.0,10.0,0.9479
31002.0,Everett School District,2126.0,Everett High School,305.0,46.0,1.0,1.0,1.0,2.0,58.0,293.0,287.0,1.0,5.0,0.9795
31002.0,Everett School District,5330.0,Everett Reengagement Academy,82.0,8.0,,1.0,9.0,15.0,0.0,90.0,27.0,38.0,25.0,0.3
31002.0,Everett School District,4438.0,Henry M. Jackson High School,525.0,44.0,,,1.0,,49.0,520.0,514.0,5.0,1.0,0.9885
31002.0,Everett School District,1907.0,Port Gardner,4.0,12.0,,,,,16.0,0.0,0.0,0.0,0.0,
31002.0,Everett School District,4137.0,Sequoia High School,68.0,11.0,,2.0,6.0,7.0,8.0,71.0,52.0,4.0,15.0,0.7324
6114.0,Evergreen School District (Clark),2724.0,Evergreen High School,395.0,104.0,,3.0,10.0,18.0,81.0,418.0,363.0,24.0,31.0,0.8684
6114.0,Evergreen School District (Clark),4523.0,Heritage High School,433.0,62.0,1.0,2.0,7.0,35.0,48.0,447.0,394.0,8.0,45.0,0.8814
6114.0,Evergreen School District (Clark),4042.0,Legacy High School,81.0,9.0,,1.0,12.0,7.0,2.0,88.0,61.0,7.0,20.0,0.6932
6114.0,Evergreen School District (Clark),4162.0,Mountain View High School,460.0,105.0,,3.0,2.0,6.0,76.0,489.0,471.0,7.0,11.0,0.9632
6114.0,Evergreen School District (Clark),5111.0,Union High School,478.0,72.0,,,1.0,6.0,59.0,491.0,471.0,13.0,7.0,0.9593
17210.0,Federal Way School District,5163.0,Career Academy at Truman High School,31.0,6.0,,,3.0,2.0,3.0,34.0,17.0,12.0,5.0,0.5
17210.0,Federal Way School District,3766.0,Decatur High School,339.0,46.0,4.0,2.0,2.0,12.0,63.0,322.0,289.0,13.0,20.0,0.8975
17210.0,Federal Way School District,2417.0,Federal Way High School,362.0,48.0,1.0,5.0,13.0,20.0,29.0,381.0,333.0,9.0,39.0,0.8740000000000001
17210.0,Federal Way School District,1759.0,Internet Academy,59.0,14.0,2.0,6.0,5.0,12.0,23.0,50.0,21.0,4.0,25.0,0.42
17210.0,Federal Way School District,5348.0,Open Doors Youth Reengagement (1418),114.0,19.0,,,14.0,33.0,8.0,125.0,22.0,56.0,47.0,0.17600000000000002
17210.0,Federal Way School District,5138.0,Technology Access Foundation Academy (Closed after 2016-2017 school year),1.0,,,,,,1.0,0.0,0.0,0.0,0.0,
17210.0,Federal Way School District,3584.0,Thomas Jefferson High School,410.0,88.0,10.0,2.0,,21.0,44.0,454.0,411.0,10.0,33.0,0.9053
17210.0,Federal Way School District,4570.0,Todd Beamer High School,347.0,65.0,3.0,4.0,11.0,7.0,47.0,365.0,323.0,17.0,25.0,0.8849
37502.0,Ferndale School District,2488.0,Ferndale High School,336.0,60.0,3.0,12.0,5.0,20.0,46.0,350.0,295.0,15.0,40.0,0.8429
37502.0,Ferndale School District,5245.0,WINDWARD HIGH SCHOOL,13.0,5.0,,,3.0,,6.0,12.0,9.0,0.0,3.0,0.75
27417.0,Fife School District,2773.0,Fife High School,246.0,36.0,,1.0,2.0,2.0,26.0,256.0,241.0,10.0,5.0,0.9414
3053.0,Finley School District,2367.0,River View High School,69.0,10.0,,1.0,3.0,8.0,14.0,65.0,51.0,2.0,12.0,0.7846
27402.0,Franklin Pierce School District,2876.0,Franklin Pierce High School,239.0,34.0,,3.0,1.0,6.0,29.0,244.0,227.0,7.0,10.0,0.9303
27402.0,Franklin Pierce School District,4063.0,Gates Secondary School,65.0,13.0,,,4.0,4.0,3.0,75.0,59.0,8.0,8.0,0.7867
27402.0,Franklin Pierce School District,3648.0,Washington High School,237.0,43.0,1.0,2.0,2.0,8.0,43.0,237.0,207.0,17.0,13.0,0.8734
38302.0,Garfield School District,1962.0,Garfield at Palouse High School,10.0,1.0,,,,1.0,1.0,10.0,9.0,0.0,1.0,0.9
20404.0,Goldendale School District,2856.0,Goldendale High School,67.0,25.0,1.0,,1.0,4.0,24.0,68.0,60.0,2.0,6.0,0.8824
13301.0,Grand Coulee Dam School District,5336.0,Lake Roosevelt Alternative School,14.0,5.0,,,,3.0,1.0,18.0,6.0,9.0,3.0,0.3333
39200.0,Grandview School District,1776.0,Contract Learning Center,14.0,1.0,,,1.0,3.0,1.0,14.0,2.0,8.0,4.0,0.1429
39200.0,Grandview School District,2555.0,Grandview High School,209.0,7.0,,4.0,,6.0,19.0,197.0,178.0,9.0,10.0,0.9036
39204.0,Granger School District,3314.0,Granger High School,109.0,10.0,1.0,6.0,5.0,2.0,6.0,113.0,92.0,7.0,14.0,0.8142
31332.0,Granite Falls School District,5171.0,Crossroads High School,65.0,8.0,,,,8.0,4.0,69.0,34.0,27.0,8.0,0.4928
31332.0,Granite Falls School District,2580.0,Granite Falls High School,108.0,10.0,,2.0,1.0,5.0,11.0,107.0,95.0,4.0,8.0,0.8879
39203.0,Highland School District,4559.0,Highland High School,97.0,8.0,,,3.0,3.0,11.0,94.0,80.0,8.0,6.0,0.8511
17401.0,Highline School District,3098.0,Chinook Middle School,,1.0,,,,,1.0,0.0,0.0,0.0,0.0,
17401.0,Highline School District,3099.0,Evergreen High School,183.0,37.0,,,6.0,4.0,11.0,209.0,174.0,25.0,10.0,0.8325
17401.0,Highline School District,2325.0,Highline High School,254.0,48.0,4.0,9.0,6.0,9.0,30.0,272.0,222.0,22.0,28.0,0.8162
17401.0,Highline School District,5370.0,Highline Open Doors 1418,160.0,43.0,1.0,4.0,20.0,103.0,6.0,197.0,18.0,51.0,128.0,0.0914
17401.0,Highline School District,3279.0,Mount Rainier High School,345.0,54.0,,4.0,5.0,4.0,35.0,364.0,320.0,31.0,13.0,0.8791
17401.0,Highline School District,1972.0,New Start,34.0,3.0,,2.0,2.0,8.0,1.0,36.0,14.0,10.0,12.0,0.3889
17401.0,Highline School District,5103.0,Technology - Engineering & Communications (Closed after 2016-2017 school year),2.0,1.0,,,,,3.0,0.0,0.0,0.0,0.0,
17401.0,Highline School District,3483.0,Tyee High School,160.0,49.0,,,8.0,11.0,7.0,202.0,163.0,20.0,19.0,0.8069
6098.0,Hockinson School District,4568.0,Hockinson High School,149.0,16.0,,,1.0,5.0,16.0,149.0,141.0,2.0,6.0,0.9463
14028.0,Hoquiam School District,3622.0,Hoquiam High School,101.0,16.0,,,2.0,3.0,11.0,106.0,93.0,8.0,5.0,0.8774
14028.0,Hoquiam School District,5191.0,Hoquiam Homelink School,13.0,2.0,,1.0,1.0,4.0,3.0,12.0,4.0,2.0,6.0,0.3333
10070.0,Inchelium School District,2603.0,Inchelium High School,18.0,,,1.0,,2.0,1.0,17.0,10.0,4.0,3.0,0.5882
17411.0,Issaquah School District,5437.0,Gibson Ek High School,22.0,,,1.0,,1.0,1.0,21.0,16.0,3.0,2.0,0.7619
17411.0,Issaquah School District,3385.0,Issaquah High School,563.0,80.0,6.0,4.0,6.0,18.0,61.0,582.0,533.0,15.0,34.0,0.9158
17411.0,Issaquah School District,3962.0,Liberty Sr High School,305.0,33.0,4.0,3.0,8.0,4.0,28.0,310.0,286.0,5.0,19.0,0.9226
17411.0,Issaquah School District,4495.0,Skyline High School,502.0,39.0,8.0,1.0,3.0,5.0,41.0,500.0,467.0,16.0,17.0,0.934
8402.0,Kalama School District,5545.0,Kalama High School,65.0,9.0,,,2.0,1.0,5.0,69.0,60.0,6.0,3.0,0.8696
8458.0,Kelso School District,2266.0,Kelso High School,361.0,43.0,,1.0,6.0,24.0,44.0,360.0,329.0,0.0,31.0,0.9139
8458.0,Kelso School District,1934.0,Loowit High School,10.0,2.0,,,5.0,1.0,1.0,11.0,2.0,3.0,6.0,0.1818
3017.0,Kennewick School District,3731.0,Kamiakin High School,395.0,66.0,,1.0,5.0,7.0,53.0,408.0,348.0,47.0,13.0,0.8529
3017.0,Kennewick School District,2826.0,Kennewick High School,359.0,45.0,4.0,6.0,10.0,13.0,48.0,356.0,313.0,10.0,33.0,0.8792
3017.0,Kennewick School District,1884.0,Legacy High School,132.0,22.0,,5.0,33.0,58.0,5.0,149.0,19.0,34.0,96.0,0.1275
3017.0,Kennewick School District,1941.0,Mid-Columbia Parent Partnership,17.0,2.0,,,1.0,2.0,2.0,17.0,14.0,0.0,3.0,0.8235
3017.0,Kennewick School District,5106.0,Phoenix High School,17.0,1.0,,,,2.0,0.0,18.0,6.0,10.0,2.0,0.3333
3017.0,Kennewick School District,4484.0,Southridge High School,389.0,45.0,1.0,1.0,12.0,16.0,36.0,398.0,337.0,31.0,30.0,0.8467
17415.0,Kent School District,5275.0,Individualized Graduation & Degree Program,197.0,20.0,,,29.0,124.0,7.0,210.0,3.0,54.0,153.0,0.0143
17415.0,Kent School District,2797.0,Kent-Meridian High School,416.0,91.0,10.0,12.0,11.0,32.0,56.0,451.0,350.0,36.0,65.0,0.7761
17415.0,Kent School District,5098.0,Kent Phoenix Academy,97.0,9.0,,3.0,3.0,8.0,8.0,98.0,48.0,36.0,14.0,0.4898
17415.0,Kent School District,4492.0,Kentlake High School,341.0,41.0,1.0,6.0,3.0,29.0,37.0,345.0,284.0,22.0,39.0,0.8232
17415.0,Kent School District,3640.0,Kentridge High School,481.0,55.0,1.0,5.0,6.0,20.0,27.0,509.0,451.0,26.0,32.0,0.8861
17415.0,Kent School District,4128.0,Kentwood High School,452.0,51.0,4.0,5.0,3.0,8.0,55.0,448.0,414.0,14.0,20.0,0.9241
33212.0,Kettle Falls School District,5180.0,Columbia Virtual Academy - Kettle Falls,70.0,20.0,1.0,,3.0,14.0,42.0,48.0,27.0,3.0,18.0,0.5625
33212.0,Kettle Falls School District,4206.0,Kettle Falls High School,53.0,9.0,,,1.0,,8.0,54.0,47.0,6.0,1.0,0.8704
3052.0,Kiona-Benton City School District,2904.0,Kiona-Benton City High School,104.0,19.0,,,6.0,3.0,14.0,109.0,98.0,2.0,9.0,0.8991
19403.0,Kittitas School District,2766.0,Kittitas High School,39.0,9.0,,,,1.0,5.0,43.0,38.0,4.0,1.0,0.8837
6101.0,La Center School District,4431.0,La Center High School,133.0,12.0,,1.0,4.0,5.0,10.0,135.0,124.0,1.0,10.0,0.9185
29311.0,La Conner School District,2276.0,La Conner High School,46.0,4.0,,1.0,2.0,3.0,7.0,43.0,35.0,2.0,6.0,0.8140000000000001
4129.0,Lake Chelan School District,4260.0,Chelan High School,120.0,5.0,,,,2.0,5.0,120.0,115.0,3.0,2.0,0.9583
14097.0,Lake Quinault School District,2973.0,Lake Quinault High School (Closed after 2017-2018 school year),1.0,1.0,,,,,2.0,0.0,0.0,0.0,0.0,
31004.0,Lake Stevens School District,5099.0,Cavelero Mid High School,10.0,,,,,,10.0,0.0,0.0,0.0,0.0,
31004.0,Lake Stevens School District,2426.0,Lake Stevens Sr High School,650.0,54.0,,,13.0,18.0,60.0,644.0,581.0,32.0,31.0,0.9022
17937.0,Lake Washington Institute of Technology,5953.0,Lake Washington Technical Academy,96.0,16.0,,,8.0,19.0,0.0,112.0,15.0,70.0,27.0,0.1339
17937.0,Lake Washington Institute of Technology,5306.0,Open Doors at LWIT,118.0,90.0,,1.0,5.0,19.0,2.0,206.0,3.0,178.0,25.0,0.0146
17414.0,Lake Washington School District,4439.0,Eastlake High School,429.0,44.0,,1.0,2.0,11.0,61.0,412.0,385.0,13.0,14.0,0.9345
17414.0,Lake Washington School District,3855.0,Emerson High School,17.0,,,,,2.0,4.0,13.0,8.0,3.0,2.0,0.6154
17414.0,Lake Washington School District,1804.0,Futures School,38.0,5.0,,,,2.0,3.0,40.0,36.0,2.0,2.0,0.9
17414.0,Lake Washington School District,3771.0,Juanita High School,334.0,37.0,5.0,3.0,3.0,6.0,45.0,326.0,300.0,9.0,17.0,0.9202
17414.0,Lake Washington School District,2739.0,Lake Washington High School,409.0,50.0,1.0,1.0,3.0,7.0,80.0,379.0,356.0,11.0,12.0,0.9393
17414.0,Lake Washington School District,3528.0,Redmond High School,451.0,62.0,,2.0,3.0,9.0,50.0,463.0,431.0,18.0,14.0,0.9309
31306.0,Lakewood School District,4204.0,Lakewood High School,156.0,31.0,,,8.0,9.0,27.0,160.0,140.0,3.0,17.0,0.875
1158.0,Lind School District,2903.0,Lind-Ritzville High School,13.0,4.0,,,,1.0,6.0,11.0,9.0,1.0,1.0,0.8182
8122.0,Longview School District,5312.0,Discovery High School,58.0,17.0,,1.0,2.0,15.0,6.0,69.0,39.0,12.0,18.0,0.5652
8122.0,Longview School District,3151.0,Mark Morris High School,212.0,25.0,,2.0,3.0,7.0,26.0,211.0,185.0,14.0,12.0,0.8768
8122.0,Longview School District,2416.0,R A Long High School,198.0,24.0,,1.0,2.0,1.0,23.0,199.0,189.0,6.0,4.0,0.9497
28144.0,Lopez School District,2632.0,Lopez Middle High School,14.0,5.0,,1.0,1.0,,5.0,14.0,11.0,1.0,2.0,0.7857
37903.0,Lummi Tribal Agency,5373.0,Lummi Nation School,21.0,2.0,,,,1.0,3.0,20.0,12.0,7.0,1.0,0.6
20406.0,Lyle School District,3111.0,Lyle High School,26.0,3.0,,1.0,1.0,5.0,6.0,23.0,15.0,1.0,7.0,0.6522
37504.0,Lynden School District,5466.0,IMPACT Reengagement Program,1.0,,,,,,1.0,0.0,0.0,0.0,0.0,
37504.0,Lynden School District,4201.0,Lynden High School,226.0,34.0,,1.0,4.0,18.0,30.0,230.0,193.0,14.0,23.0,0.8391
39120.0,Mabton School District,5289.0,Mabton Jr. Sr. High,50.0,11.0,,2.0,2.0,2.0,6.0,55.0,48.0,1.0,6.0,0.8727
4019.0,Manson School District,2623.0,Manson High School,46.0,6.0,1.0,,1.0,2.0,2.0,50.0,46.0,0.0,4.0,0.92
23311.0,Mary M Knight School District,3495.0,Mary M Knight High School (Closed after 2015-2016 school year),1.0,,,,,,1.0,0.0,0.0,0.0,0.0,
23311.0,Mary M Knight School District,5444.0,Mary M. Knight School,10.0,2.0,,,,2.0,1.0,11.0,9.0,0.0,2.0,0.8182
33207.0,Mary Walker School District,3311.0,Mary Walker High School,40.0,9.0,,2.0,1.0,4.0,7.0,42.0,33.0,2.0,7.0,0.7857
33207.0,Mary Walker School District,3894.0,Springdale Middle School,1.0,,,,,,1.0,0.0,0.0,0.0,0.0,
31025.0,Marysville School District,5210.0,Bio Med Academy (Closed after 2016-2017 school year),7.0,2.0,,,,,9.0,0.0,0.0,0.0,0.0,
31025.0,Marysville School District,1657.0,Heritage School,21.0,4.0,,2.0,4.0,3.0,4.0,21.0,4.0,8.0,9.0,0.1905
31025.0,Marysville School District,1927.0,Legacy High School,89.0,11.0,2.0,1.0,3.0,3.0,9.0,91.0,60.0,22.0,9.0,0.6593
31025.0,Marysville School District,5478.0,Marysville Getchell High School,389.0,35.0,,,9.0,29.0,23.0,401.0,345.0,18.0,38.0,0.8603
31025.0,Marysville School District,4233.0,Marysville Mountain View High School (Closed after 2017-2018 school year),12.0,2.0,,4.0,4.0,,4.0,10.0,2.0,0.0,8.0,0.2
31025.0,Marysville School District,5213.0,Marysville Pilchuck High School,291.0,26.0,1.0,7.0,7.0,25.0,24.0,293.0,222.0,31.0,40.0,0.7577
31025.0,Marysville School District,5214.0,School for the Entrepreneur (Closed after 2016-2017 school year),3.0,,,,,,3.0,0.0,0.0,0.0,0.0,
31025.0,Marysville School District,1744.0,School Home Partnership Program,1.0,,,,,,1.0,0.0,0.0,0.0,0.0,
32354.0,Mead School District,1803.0,Mead Alternative High School (Closed after 2018-2019 school year),25.0,11.0,,,,3.0,6.0,30.0,20.0,7.0,3.0,0.6667
32354.0,Mead School District,2402.0,Mead Senior High School,401.0,47.0,,,2.0,3.0,43.0,405.0,381.0,19.0,5.0,0.9407
32354.0,Mead School District,4491.0,Mt Spokane High School,351.0,50.0,,,1.0,4.0,36.0,365.0,344.0,16.0,5.0,0.9425
32326.0,Medical Lake School District,5042.0,Medical Lake Endeavors,14.0,1.0,,2.0,,1.0,1.0,14.0,6.0,5.0,3.0,0.4286
32326.0,Medical Lake School District,2890.0,Medical Lake High School,136.0,21.0,,1.0,1.0,1.0,27.0,130.0,127.0,0.0,3.0,0.9769
17400.0,Mercer Island School District,3029.0,Mercer Island High School,398.0,48.0,,4.0,4.0,6.0,35.0,411.0,382.0,15.0,14.0,0.9294
37505.0,Meridian School District,2554.0,Meridian High School,130.0,18.0,,1.0,3.0,8.0,15.0,133.0,114.0,7.0,12.0,0.8571
31103.0,Monroe School District,1806.0,Leaders In Learning,33.0,3.0,,,3.0,4.0,4.0,32.0,15.0,10.0,7.0,0.4688
31103.0,Monroe School District,4528.0,Monroe High School,383.0,40.0,1.0,3.0,9.0,11.0,44.0,379.0,325.0,30.0,24.0,0.8575
31103.0,Monroe School District,1777.0,Sky Valley Education Center,68.0,7.0,1.0,2.0,,1.0,13.0,62.0,54.0,4.0,4.0,0.871
14066.0,Montesano School District,2180.0,Montesano Jr-Sr High,62.0,8.0,,,,3.0,11.0,59.0,48.0,8.0,3.0,0.8136
21214.0,Morton School District,3112.0,Morton Junior-Senior High,23.0,4.0,,1.0,,3.0,3.0,24.0,18.0,2.0,4.0,0.75
13161.0,Moses Lake School District,3215.0,Moses Lake High School,503.0,70.0,2.0,9.0,17.0,25.0,90.0,483.0,395.0,35.0,53.0,0.8178
13161.0,Moses Lake School District,5323.0,Skill Source Reingagement Program,97.0,19.0,,2.0,6.0,58.0,2.0,114.0,24.0,24.0,66.0,0.2105
39209.0,Mount Adams School District,2532.0,White Swan High School,56.0,8.0,,4.0,4.0,8.0,6.0,58.0,40.0,2.0,16.0,0.6897
37507.0,Mount Baker School District,5112.0,Mount Baker Academy,,1.0,,,,,1.0,0.0,0.0,0.0,0.0,
37507.0,Mount Baker School District,2343.0,Mount Baker Senior High,156.0,21.0,5.0,3.0,5.0,10.0,26.0,151.0,114.0,14.0,23.0,0.755
29320.0,Mount Vernon School District,2295.0,Mount Vernon High School,474.0,53.0,3.0,18.0,8.0,39.0,37.0,490.0,394.0,28.0,68.0,0.8041
29320.0,Mount Vernon School District,1992.0,Skagit Academy,19.0,3.0,,,,,2.0,20.0,17.0,3.0,0.0,0.85
17903.0,Muckleshoot Indian Tribe,1986.0,Muckleshoot Tribal School,40.0,3.0,1.0,,3.0,3.0,1.0,42.0,31.0,4.0,7.0,0.7381
31006.0,Mukilteo School District,4247.0,ACES High School,73.0,11.0,,1.0,4.0,8.0,9.0,75.0,43.0,19.0,13.0,0.5733
31006.0,Mukilteo School District,4433.0,Kamiak High School,465.0,51.0,2.0,3.0,1.0,11.0,50.0,466.0,434.0,15.0,17.0,0.9313
31006.0,Mukilteo School District,3688.0,Mariner High School,464.0,98.0,3.0,1.0,11.0,34.0,80.0,482.0,394.0,39.0,49.0,0.8174
31006.0,Mukilteo School District,5498.0,Mukilteo Reengagement Academy Open Doors,33.0,7.0,,,4.0,13.0,3.0,37.0,4.0,16.0,17.0,0.1081
39003.0,Naches Valley School District,2591.0,Naches Valley High School,101.0,6.0,,2.0,2.0,1.0,10.0,97.0,89.0,3.0,5.0,0.9175
21014.0,Napavine School District,2273.0,Napavine Jr Sr High School,65.0,5.0,,,,1.0,12.0,58.0,54.0,3.0,1.0,0.9309999999999999
26056.0,Newport School District,2518.0,Newport High School,69.0,20.0,4.0,,4.0,1.0,23.0,66.0,57.0,0.0,9.0,0.8636
26056.0,Newport School District,5118.0,Pend Oreille River School,19.0,7.0,,,3.0,1.0,1.0,25.0,16.0,5.0,4.0,0.64
32325.0,Nine Mile Falls School District,4333.0,Lakeside High School,118.0,11.0,,,1.0,4.0,15.0,114.0,107.0,2.0,5.0,0.9386
37506.0,Nooksack Valley School District,2459.0,Nooksack Valley High School,97.0,14.0,,,2.0,13.0,12.0,99.0,82.0,2.0,15.0,0.8283
14064.0,North Beach School District No. 64,2728.0,North Beach Senior High School,37.0,9.0,,,,6.0,5.0,41.0,35.0,0.0,6.0,0.8537
11051.0,North Franklin School District,1754.0,Palouse Junction High School,14.0,1.0,,,,2.0,1.0,14.0,12.0,0.0,2.0,0.8571
18400.0,North Kitsap School District,5085.0,Kingston High School,203.0,25.0,,1.0,2.0,3.0,35.0,193.0,181.0,6.0,6.0,0.9378
18400.0,North Kitsap School District,3236.0,North Kitsap High School,294.0,54.0,,1.0,,3.0,52.0,296.0,288.0,4.0,4.0,0.973
23403.0,North Mason School District,1680.0,James A. Taylor High School,18.0,1.0,,1.0,1.0,3.0,1.0,18.0,5.0,8.0,5.0,0.2778
23403.0,North Mason School District,3175.0,North Mason Senior High School,158.0,28.0,2.0,3.0,2.0,10.0,13.0,173.0,148.0,8.0,17.0,0.8555
34003.0,North Thurston Public Schools,3010.0,North Thurston High School,303.0,67.0,3.0,1.0,3.0,18.0,63.0,307.0,265.0,17.0,25.0,0.8632
34003.0,North Thurston Public Schools,4427.0,River Ridge High School,304.0,73.0,2.0,3.0,7.0,7.0,57.0,320.0,280.0,21.0,19.0,0.875
34003.0,North Thurston Public Schools,4314.0,South Sound High School,64.0,13.0,,,1.0,11.0,0.0,77.0,48.0,17.0,12.0,0.6234
34003.0,North Thurston Public Schools,3710.0,Timberline High School,381.0,61.0,,2.0,3.0,4.0,88.0,354.0,337.0,8.0,9.0,0.9520000000000001
33211.0,Northport School District,2958.0,Northport High School,16.0,5.0,,,1.0,1.0,2.0,19.0,13.0,4.0,2.0,0.6842
17417.0,Northshore School District,3106.0,Bothell High School,297.0,34.0,,3.0,4.0,9.0,20.0,311.0,280.0,15.0,16.0,0.9003
17417.0,Northshore School District,3492.0,Inglemoor HS,406.0,42.0,,3.0,1.0,4.0,22.0,426.0,412.0,6.0,8.0,0.9671
17417.0,Northshore School District,3345.0,Kenmore Middle School,3.0,,,,,,3.0,0.0,0.0,0.0,0.0,
17417.0,Northshore School District,3790.0,Leota Middle School,11.0,1.0,,,,,12.0,0.0,0.0,0.0,0.0,
17417.0,Northshore School District,5481.0,North Creek High School,289.0,39.0,,,4.0,3.0,7.0,321.0,313.0,1.0,7.0,0.9751
17417.0,Northshore School District,1814.0,Northshore Networks,39.0,16.0,1.0,,3.0,,17.0,38.0,26.0,8.0,4.0,0.6842
17417.0,Northshore School District,5331.0,Northshore Online Reengagement Program,12.0,2.0,,,,4.0,0.0,14.0,5.0,5.0,4.0,0.3571
17417.0,Northshore School District,3811.0,Secondary Academy for Success,40.0,10.0,,,3.0,1.0,2.0,48.0,36.0,8.0,4.0,0.75
17417.0,Northshore School District,4371.0,Skyview Middle School,13.0,1.0,,,,,14.0,0.0,0.0,0.0,0.0,
17417.0,Northshore School District,4516.0,Timbercrest Middle School,6.0,,,,,,6.0,0.0,0.0,0.0,0.0,
17417.0,Northshore School District,4208.0,Woodinville HS,416.0,43.0,,3.0,3.0,4.0,12.0,447.0,429.0,8.0,10.0,0.9597
15201.0,Oak Harbor School District,2974.0,Oak Harbor High School,366.0,94.0,,4.0,6.0,7.0,89.0,371.0,328.0,26.0,17.0,0.8841
14400.0,Oakville School District,2283.0,Oakville High School,15.0,1.0,,,1.0,2.0,2.0,14.0,11.0,0.0,3.0,0.7857
25101.0,Ocean Beach School District,4220.0,Ilwaco High School,61.0,10.0,,,,2.0,12.0,59.0,54.0,3.0,2.0,0.9153
14172.0,Ocosta School District,3024.0,Ocosta Junior - Senior High,56.0,12.0,,2.0,1.0,4.0,8.0,60.0,50.0,3.0,7.0,0.8333
22105.0,Odessa School District,2443.0,Odessa High School,18.0,,,,,,2.0,16.0,14.0,2.0,0.0,0.875
24105.0,Okanogan School District,1980.0,Okanogan Alternative High School,12.0,6.0,,2.0,1.0,5.0,0.0,18.0,7.0,3.0,8.0,0.3889
24105.0,Okanogan School District,5151.0,Okanogan Outreach Alternative School,45.0,11.0,,3.0,3.0,13.0,6.0,50.0,19.0,12.0,19.0,0.38
34111.0,Olympia School District,1768.0,Avanti High School,40.0,5.0,,,,1.0,1.0,44.0,34.0,9.0,1.0,0.7727
34111.0,Olympia School District,3960.0,Capital High School,315.0,55.0,1.0,1.0,3.0,9.0,45.0,325.0,298.0,13.0,14.0,0.9169
34111.0,Olympia School District,3132.0,Olympia High School,455.0,41.0,,1.0,2.0,13.0,46.0,450.0,414.0,20.0,16.0,0.92
34111.0,Olympia School District,5078.0,Olympia Regional Learning Academy,28.0,8.0,,,2.0,,19.0,17.0,11.0,4.0,2.0,0.6471
24019.0,Omak School District,2031.0,Omak High School,93.0,14.0,1.0,1.0,1.0,9.0,7.0,100.0,80.0,8.0,12.0,0.8
24019.0,Omak School District,5197.0,Washington Virtual Academy Omak High School,277.0,43.0,2.0,1.0,4.0,1.0,165.0,155.0,123.0,24.0,8.0,0.7935
24019.0,Omak School District,5196.0,Washington Virtual Academy Omak Middle School,1.0,,,,,,1.0,0.0,0.0,0.0,0.0,
28137.0,Orcas Island School District,2750.0,Orcas Island High School,28.0,7.0,,,,,3.0,32.0,28.0,4.0,0.0,0.875
28137.0,Orcas Island School District,4558.0,Orcas Island Middle School,1.0,,,,,,1.0,0.0,0.0,0.0,0.0,
24410.0,Oroville School District,2706.0,Oroville Middle-High School,33.0,8.0,1.0,1.0,3.0,,4.0,37.0,32.0,0.0,5.0,0.8649
27344.0,Orting School District,2942.0,Orting High School,224.0,22.0,1.0,2.0,2.0,5.0,28.0,218.0,204.0,4.0,10.0,0.9358
1147.0,Othello School District,5367.0,Desert Oasis High School,36.0,2.0,,2.0,,5.0,6.0,32.0,11.0,14.0,7.0,0.3438
1147.0,Othello School District,3015.0,Othello High School,247.0,21.0,3.0,5.0,8.0,4.0,19.0,249.0,217.0,12.0,20.0,0.8715
11001.0,Pasco School District,5164.0,Chiawana Senior High School,626.0,69.0,1.0,6.0,8.0,25.0,68.0,627.0,543.0,44.0,40.0,0.866
11001.0,Pasco School District,3912.0,New Horizons High School,163.0,7.0,,8.0,17.0,29.0,6.0,164.0,31.0,79.0,54.0,0.18899999999999997
11001.0,Pasco School District,1970.0,Pasco Early Childhood,,1.0,,,,,1.0,0.0,0.0,0.0,0.0,
11001.0,Pasco School District,2917.0,Pasco Senior High School,521.0,83.0,5.0,2.0,13.0,26.0,72.0,532.0,444.0,42.0,46.0,0.8346
21301.0,Pe Ell School District,2858.0,Pe Ell School,19.0,3.0,,,,1.0,3.0,19.0,17.0,1.0,1.0,0.8947
27401.0,Peninsula School District,4081.0,Gig Harbor High,415.0,68.0,1.0,2.0,5.0,15.0,63.0,420.0,372.0,25.0,23.0,0.8857
27401.0,Peninsula School District,1516.0,Henderson Bay Alt High School,50.0,,,1.0,3.0,11.0,10.0,40.0,14.0,11.0,15.0,0.35
27401.0,Peninsula School District,2681.0,Peninsula High School,315.0,46.0,,1.0,2.0,22.0,44.0,317.0,278.0,14.0,25.0,0.877
5121.0,Port Angeles School District,4003.0,Lincoln High School,37.0,9.0,,1.0,4.0,13.0,5.0,41.0,10.0,13.0,18.0,0.2439
5121.0,Port Angeles School District,2908.0,Port Angeles High School,252.0,40.0,,1.0,9.0,12.0,35.0,257.0,231.0,4.0,22.0,0.8988
16050.0,Port Townsend School District,2503.0,Port Townsend High School,71.0,17.0,,,1.0,6.0,14.0,74.0,66.0,1.0,7.0,0.8919
3116.0,Prosser School District,2508.0,Prosser High School,219.0,22.0,,1.0,3.0,13.0,16.0,225.0,192.0,16.0,17.0,0.8533
38267.0,Pullman School District,2499.0,Pullman High School,221.0,30.0,1.0,2.0,2.0,4.0,49.0,202.0,191.0,2.0,9.0,0.9455
27003.0,Puyallup School District,3447.0,Aylen Jr High,1.0,,,,,,1.0,0.0,0.0,0.0,0.0,
27003.0,Puyallup School District,3750.0,Ballou Jr High,5.0,,,,,,5.0,0.0,0.0,0.0,0.0,
27003.0,Puyallup School District,4110.0,Chief Leschi Schools(Closed),11.0,6.0,2.0,3.0,8.0,,2.0,15.0,2.0,0.0,13.0,0.1333
27003.0,Puyallup School District,3972.0,E B Walker High School,57.0,10.0,,,6.0,12.0,5.0,62.0,36.0,8.0,18.0,0.5806
27003.0,Puyallup School District,4540.0,Emerald Ridge High School,477.0,56.0,,7.0,2.0,19.0,45.0,488.0,450.0,10.0,28.0,0.9221
27003.0,Puyallup School District,3645.0,Gov John Rogers High School,572.0,55.0,,10.0,11.0,16.0,34.0,593.0,530.0,26.0,37.0,0.8938
27003.0,Puyallup School District,3052.0,Kalles Junior High,6.0,,,,,,6.0,0.0,0.0,0.0,0.0,
27003.0,Puyallup School District,2125.0,Puyallup High School,564.0,41.0,,3.0,12.0,18.0,32.0,573.0,526.0,14.0,33.0,0.9179999999999999
27003.0,Puyallup School District,1640.0,Puyallup Online Academy/POA,68.0,13.0,,3.0,4.0,13.0,5.0,76.0,28.0,28.0,20.0,0.3684
5402.0,Quillayute Valley School District,2349.0,Forks High School,72.0,8.0,,4.0,4.0,1.0,4.0,76.0,64.0,3.0,9.0,0.8421
5402.0,Quillayute Valley School District,5071.0,Insight School of Washington,764.0,169.0,29.0,71.0,100.0,173.0,108.0,825.0,238.0,214.0,373.0,0.2885
13144.0,Quincy School District,3088.0,Quincy High School,190.0,20.0,2.0,3.0,2.0,14.0,17.0,193.0,161.0,11.0,21.0,0.8342
13144.0,Quincy School District,1506.0,Quincy Innovation Academy,20.0,3.0,,1.0,8.0,7.0,1.0,22.0,5.0,1.0,16.0,0.2273
34307.0,Rainier School District,2468.0,Rainier Senior High School,65.0,12.0,,2.0,1.0,,18.0,59.0,56.0,0.0,3.0,0.9492
17403.0,Renton School District,1784.0,H.O.M.E. Program,2.0,1.0,,,,,3.0,0.0,0.0,0.0,0.0,
17403.0,Renton School District,3630.0,Hazen Senior High School,407.0,46.0,3.0,10.0,6.0,29.0,19.0,434.0,380.0,6.0,48.0,0.8756
17403.0,Renton School District,3741.0,Lindbergh Senior High School,250.0,47.0,2.0,2.0,9.0,9.0,13.0,284.0,235.0,27.0,22.0,0.8275
17403.0,Renton School District,5070.0,Renton Academy,1.0,,,,,,1.0,0.0,0.0,0.0,0.0,
17403.0,Renton School District,2475.0,Renton Senior High School,273.0,60.0,4.0,5.0,6.0,9.0,27.0,306.0,268.0,14.0,24.0,0.8758
17403.0,Renton School District,5282.0,Talley High School,90.0,10.0,1.0,4.0,9.0,25.0,4.0,96.0,35.0,22.0,39.0,0.3646
10309.0,Republic School District,3579.0,Republic Senior High School,19.0,8.0,,,1.0,3.0,10.0,17.0,13.0,0.0,4.0,0.7647
3400.0,Richland School District,3833.0,Hanford High School,493.0,59.0,2.0,1.0,4.0,10.0,54.0,498.0,452.0,29.0,17.0,0.9076
3400.0,Richland School District,3511.0,Richland High School,436.0,51.0,1.0,1.0,2.0,3.0,58.0,429.0,374.0,48.0,7.0,0.8718
3400.0,Richland School District,4295.0,Rivers Edge High School,94.0,16.0,,3.0,11.0,15.0,10.0,100.0,22.0,49.0,29.0,0.22
3400.0,Richland School District,5165.0,Three Rivers Home Link,17.0,4.0,,1.0,,,7.0,14.0,10.0,3.0,1.0,0.7143
6122.0,Ridgefield School District,2390.0,Ridgefield High School,187.0,38.0,1.0,1.0,1.0,2.0,36.0,189.0,171.0,13.0,5.0,0.9048
1160.0,Ritzville School District,2132.0,Ritzville High School,34.0,2.0,,2.0,,4.0,3.0,33.0,25.0,2.0,6.0,0.7576
32416.0,Riverside School District,4228.0,Riverside High School,110.0,22.0,,2.0,5.0,7.0,20.0,112.0,93.0,5.0,14.0,0.8304
17407.0,Riverview School District,3524.0,Cedarcrest High School,232.0,25.0,1.0,4.0,2.0,5.0,27.0,230.0,211.0,7.0,12.0,0.9174
17407.0,Riverview School District,1756.0,CLIP,22.0,3.0,,,,4.0,2.0,23.0,11.0,8.0,4.0,0.4783
34401.0,Rochester School District,1735.0,H.e.a.r.t. High School,22.0,1.0,,,3.0,4.0,0.0,23.0,11.0,5.0,7.0,0.4783
34401.0,Rochester School District,4326.0,Rochester High School,147.0,12.0,3.0,,1.0,5.0,13.0,146.0,130.0,7.0,9.0,0.8904
13160.0,Royal School District,3516.0,Royal High School,124.0,6.0,1.0,1.0,5.0,5.0,7.0,123.0,103.0,8.0,12.0,0.8374
28149.0,San Juan Island School District,2879.0,Friday Harbor High School,63.0,8.0,,1.0,2.0,1.0,9.0,62.0,56.0,2.0,4.0,0.9032
17001.0,Seattle School District No. 1,3778.0,Alan T. Sugiyama High School,26.0,6.0,,,3.0,7.0,3.0,29.0,9.0,10.0,10.0,0.3103
17001.0,Seattle School District No. 1,2220.0,Ballard High School,436.0,59.0,1.0,3.0,10.0,12.0,29.0,466.0,423.0,17.0,26.0,0.9077
17001.0,Seattle School District No. 1,3096.0,Chief Sealth International High School,243.0,37.0,1.0,7.0,5.0,13.0,21.0,259.0,218.0,15.0,26.0,0.8417
17001.0,Seattle School District No. 1,2392.0,Cleveland High School STEM,218.0,5.0,,,1.0,2.0,7.0,216.0,204.0,9.0,3.0,0.9444
17001.0,Seattle School District No. 1,2182.0,Franklin High School,270.0,43.0,1.0,4.0,4.0,9.0,24.0,289.0,253.0,18.0,18.0,0.8754
17001.0,Seattle School District No. 1,2306.0,Garfield High School,427.0,60.0,6.0,8.0,5.0,32.0,42.0,445.0,383.0,11.0,51.0,0.8607
17001.0,Seattle School District No. 1,4277.0,Hutch School (Closed after 2017-2018 school year),,3.0,,,,,3.0,0.0,0.0,0.0,0.0,
17001.0,Seattle School District No. 1,3276.0,Ingraham High School,289.0,41.0,,3.0,4.0,11.0,26.0,304.0,269.0,17.0,18.0,0.8849
17001.0,Seattle School District No. 1,1635.0,Interagency Programs,124.0,96.0,,8.0,6.0,22.0,62.0,158.0,42.0,80.0,36.0,0.2658
17001.0,Seattle School District No. 1,1547.0,Middle College High School,24.0,6.0,2.0,1.0,3.0,4.0,2.0,28.0,12.0,6.0,10.0,0.4286
17001.0,Seattle School District No. 1,3479.0,Nathan Hale High School,255.0,44.0,,1.0,3.0,7.0,27.0,272.0,234.0,27.0,11.0,0.8603
17001.0,Seattle School District No. 1,3868.0,Nova High School,85.0,12.0,,,4.0,3.0,17.0,80.0,56.0,17.0,7.0,0.7
17001.0,Seattle School District No. 1,3327.0,Rainier Beach High School,171.0,57.0,3.0,1.0,6.0,1.0,23.0,205.0,174.0,20.0,11.0,0.8488
17001.0,Seattle School District No. 1,2285.0,Roosevelt High School,400.0,71.0,1.0,,3.0,13.0,34.0,437.0,405.0,15.0,17.0,0.9268
17001.0,Seattle School District No. 1,1596.0,Seattle World School,9.0,66.0,4.0,10.0,16.0,6.0,10.0,65.0,8.0,21.0,36.0,0.1231
17001.0,Seattle School District No. 1,1856.0,The Center School,43.0,9.0,,1.0,,4.0,5.0,47.0,42.0,0.0,5.0,0.8936
17001.0,Seattle School District No. 1,2234.0,West Seattle High School,214.0,46.0,2.0,,2.0,13.0,28.0,232.0,206.0,9.0,17.0,0.8879
29101.0,Sedro-Woolley School District,2150.0,Sedro Woolley Senior High School,291.0,26.0,,4.0,4.0,3.0,25.0,292.0,270.0,11.0,11.0,0.9247
29101.0,Sedro-Woolley School District,1537.0,State Street High School,112.0,20.0,1.0,2.0,20.0,32.0,11.0,121.0,30.0,36.0,55.0,0.2479
39119.0,Selah School District,4272.0,Selah Academy Online,50.0,10.0,2.0,1.0,7.0,16.0,16.0,44.0,4.0,14.0,26.0,0.0909
39119.0,Selah School District,2388.0,Selah High School,259.0,27.0,2.0,2.0,5.0,15.0,21.0,265.0,230.0,11.0,24.0,0.8679
5323.0,Sequim School District,2471.0,Sequim Senior High,227.0,53.0,2.0,2.0,1.0,9.0,67.0,213.0,187.0,12.0,14.0,0.8779
23309.0,Shelton School District,4288.0,Choice Middle and High School,75.0,18.0,,,3.0,18.0,11.0,82.0,32.0,29.0,21.0,0.3902
23309.0,Shelton School District,4363.0,Oakland Bay Junior High School,10.0,,,,,,10.0,0.0,0.0,0.0,0.0,
23309.0,Shelton School District,3241.0,Shelton High School,277.0,37.0,,3.0,7.0,3.0,14.0,300.0,255.0,32.0,13.0,0.85
17412.0,Shoreline School District,2612.0,Fircrest Residential Habilitation,1.0,,,,,,1.0,0.0,0.0,0.0,0.0,
17412.0,Shoreline School District,3343.0,Shorecrest High School,309.0,42.0,1.0,2.0,2.0,15.0,22.0,329.0,300.0,9.0,20.0,0.9119
17412.0,Shoreline School District,3921.0,Shorewood High School,384.0,53.0,,4.0,4.0,14.0,38.0,399.0,358.0,19.0,22.0,0.8972
31201.0,Snohomish School District,4265.0,AIM High School,48.0,7.0,,2.0,3.0,1.0,4.0,51.0,21.0,24.0,6.0,0.4118
31201.0,Snohomish School District,5128.0,Glacier Peak High School,423.0,18.0,3.0,,,4.0,30.0,411.0,396.0,8.0,7.0,0.9635
31201.0,Snohomish School District,2428.0,Snohomish High School,397.0,33.0,,5.0,8.0,13.0,27.0,403.0,364.0,13.0,26.0,0.9032
17410.0,Snoqualmie Valley School District,2850.0,Mount Si High School,445.0,46.0,,,,7.0,64.0,427.0,406.0,14.0,7.0,0.9508
17410.0,Snoqualmie Valley School District,1502.0,Two Rivers School,25.0,2.0,,1.0,,,5.0,22.0,17.0,4.0,1.0,0.7727
13156.0,Soap Lake School District,3089.0,Soap Lake Middle & High School,38.0,5.0,1.0,,,1.0,10.0,33.0,24.0,7.0,2.0,0.7273
25118.0,South Bend School District,2214.0,South Bend High School,44.0,6.0,,,1.0,1.0,2.0,48.0,45.0,1.0,2.0,0.9375
18402.0,South Kitsap School District,3680.0,Cedar Heights Middle School,6.0,,,,,,6.0,0.0,0.0,0.0,0.0,
18402.0,South Kitsap School District,3899.0,Discovery,77.0,7.0,,,5.0,13.0,6.0,78.0,33.0,27.0,18.0,0.4231
18402.0,South Kitsap School District,2641.0,East Port Orchard Elementary,1.0,,,,,,1.0,0.0,0.0,0.0,0.0,
18402.0,South Kitsap School District,1718.0,Explorer Academy,34.0,5.0,,,2.0,5.0,7.0,32.0,17.0,8.0,7.0,0.5312
18402.0,South Kitsap School District,4142.0,John Sedgwick Middle School,4.0,,,,,,4.0,0.0,0.0,0.0,0.0,
18402.0,South Kitsap School District,2272.0,South Kitsap High School,616.0,102.0,,5.0,3.0,15.0,94.0,624.0,565.0,36.0,23.0,0.9054
15206.0,South Whidbey School District,1682.0,South Whidbey Academy,14.0,3.0,,,,1.0,2.0,15.0,13.0,1.0,1.0,0.8667
15206.0,South Whidbey School District,4149.0,South Whidbey High School,104.0,18.0,,1.0,1.0,2.0,23.0,99.0,93.0,2.0,4.0,0.9394
32081.0,Spokane School District,3412.0,Ferris High School,354.0,63.0,1.0,1.0,6.0,6.0,60.0,357.0,332.0,11.0,14.0,0.93
32081.0,Spokane School District,2172.0,Lewis & Clark High School,423.0,81.0,2.0,3.0,8.0,16.0,60.0,444.0,393.0,22.0,29.0,0.8851
32081.0,Spokane School District,2106.0,North Central High School,283.0,45.0,,2.0,4.0,6.0,44.0,284.0,271.0,1.0,12.0,0.9542
32081.0,Spokane School District,5250.0,On Track Academy,209.0,36.0,,,1.0,6.0,4.0,241.0,228.0,6.0,7.0,0.9461
32081.0,Spokane School District,1567.0,Pratt Academy,17.0,2.0,,1.0,5.0,3.0,1.0,18.0,3.0,6.0,9.0,0.1667
32081.0,Spokane School District,2479.0,Rogers High School,314.0,61.0,2.0,2.0,11.0,14.0,49.0,326.0,287.0,10.0,29.0,0.8804
32081.0,Spokane School District,3189.0,Shadle Park High School,269.0,37.0,,2.0,11.0,8.0,30.0,276.0,245.0,10.0,21.0,0.8877
31401.0,Stanwood-Camano School District,1707.0,Lincoln Hill High School,54.0,7.0,,2.0,7.0,8.0,4.0,57.0,27.0,13.0,17.0,0.4737
31401.0,Stanwood-Camano School District,2581.0,Stanwood High School,300.0,26.0,5.0,1.0,4.0,4.0,30.0,296.0,273.0,9.0,14.0,0.9223
27001.0,Steilacoom Hist. School District,4131.0,Steilacoom High,224.0,48.0,,1.0,,7.0,57.0,215.0,197.0,10.0,8.0,0.9163
30303.0,Stevenson-Carson School District,3119.0,Stevenson High School,80.0,12.0,,2.0,3.0,7.0,11.0,81.0,62.0,7.0,12.0,0.7654
31311.0,Sultan School District,5152.0,Columbia Virtual Academy - Sultan (Closed after 2017-2018 school year),1.0,,,,,,1.0,0.0,0.0,0.0,0.0,
31311.0,Sultan School District,4274.0,Sultan Senior High School,111.0,11.0,,3.0,,2.0,12.0,110.0,92.0,13.0,5.0,0.8364
27905.0,Summit Public School: Olympus,5376.0,Summit Public School: Olympus,83.0,7.0,6.0,1.0,3.0,3.0,2.0,88.0,66.0,9.0,13.0,0.75
17902.0,Summit Public School: Sierra,5375.0,Summit Public School: Sierra,90.0,15.0,4.0,2.0,2.0,2.0,3.0,102.0,86.0,6.0,10.0,0.8431
27320.0,Sumner School District,4585.0,Bonney Lake High School,320.0,42.0,,4.0,6.0,10.0,43.0,319.0,289.0,10.0,20.0,0.9059999999999999
27320.0,Sumner School District,3247.0,Sumner High School,474.0,24.0,1.0,4.0,7.0,16.0,35.0,463.0,419.0,16.0,28.0,0.905
39201.0,Sunnyside School District,2959.0,Sunnyside High School,525.0,33.0,,,,42.0,62.0,496.0,450.0,4.0,42.0,0.9073
18902.0,Suquamish Tribal Education Department,5319.0,Chief Kitsap Academy,16.0,1.0,1.0,1.0,2.0,,0.0,17.0,13.0,0.0,4.0,0.7647
27010.0,Tacoma School District,3880.0,Foss,153.0,47.0,,1.0,6.0,8.0,40.0,160.0,137.0,8.0,15.0,0.8562
27010.0,Tacoma School District,2215.0,Lincoln,339.0,45.0,3.0,2.0,16.0,22.0,49.0,335.0,283.0,9.0,43.0,0.8448
27010.0,Tacoma School District,3398.0,Mt Tahoma,325.0,57.0,1.0,3.0,7.0,8.0,80.0,302.0,274.0,9.0,19.0,0.9073
27010.0,Tacoma School District,4109.0,Oakland High School,69.0,12.0,,2.0,3.0,7.0,38.0,43.0,30.0,1.0,12.0,0.6977
27010.0,Tacoma School District,2084.0,Stadium,327.0,82.0,,,5.0,10.0,68.0,341.0,315.0,11.0,15.0,0.9238
27010.0,Tacoma School District,5307.0,Tacoma Open Doors,193.0,37.0,,2.0,24.0,93.0,9.0,221.0,8.0,94.0,119.0,0.0362
27010.0,Tacoma School District,3246.0,Wilson,285.0,38.0,1.0,4.0,3.0,2.0,42.0,281.0,267.0,4.0,10.0,0.9502
14077.0,Taholah School District,3580.0,Taholah High School,20.0,,,,1.0,2.0,0.0,20.0,16.0,1.0,3.0,0.8
17409.0,Tahoma School District,2849.0,Tahoma Senior High School,601.0,56.0,,3.0,7.0,26.0,55.0,602.0,528.0,38.0,36.0,0.8771
38265.0,Tekoa School District,3418.0,Tekoa High School,13.0,5.0,,1.0,,,7.0,11.0,8.0,2.0,1.0,0.7273
34402.0,Tenino School District,3509.0,Tenino High School,79.0,9.0,,,1.0,5.0,10.0,78.0,72.0,0.0,6.0,0.9231
21237.0,Toledo School District,5190.0,Cowlitz Prairie Academy,14.0,2.0,,,,1.0,1.0,15.0,11.0,3.0,1.0,0.7333
21237.0,Toledo School District,2616.0,Toledo High School,68.0,7.0,1.0,1.0,,1.0,5.0,70.0,67.0,0.0,3.0,0.9571
24404.0,Tonasket School District,2679.0,Tonasket High School,75.0,9.0,1.0,,3.0,5.0,8.0,76.0,66.0,1.0,9.0,0.8684
39202.0,Toppenish School District,1508.0,Computer Academy Toppenish High School,71.0,9.0,,1.0,7.0,22.0,7.0,73.0,28.0,15.0,30.0,0.3836
39202.0,Toppenish School District,5262.0,Northwest Allprep,163.0,176.0,3.0,7.0,18.0,34.0,239.0,100.0,20.0,18.0,62.0,0.2
39202.0,Toppenish School District,2900.0,Toppenish High School,197.0,8.0,1.0,,1.0,1.0,11.0,194.0,190.0,1.0,3.0,0.9794
17406.0,Tukwila School District,2848.0,Foster Senior High School,197.0,44.0,3.0,4.0,13.0,8.0,32.0,209.0,157.0,24.0,28.0,0.7512
34033.0,Tumwater School District,4500.0,A G West Black Hills High School,174.0,34.0,,,2.0,9.0,28.0,180.0,164.0,5.0,11.0,0.9111
34033.0,Tumwater School District,1713.0,Cascadia High School,40.0,8.0,,,1.0,7.0,7.0,41.0,17.0,16.0,8.0,0.4146
34033.0,Tumwater School District,5014.0,New Market High School,26.0,9.0,,,3.0,4.0,0.0,35.0,20.0,8.0,7.0,0.5714
34033.0,Tumwater School District,3362.0,Tumwater High School,297.0,27.0,,2.0,,3.0,33.0,291.0,280.0,6.0,5.0,0.9622
27083.0,University Place School District,3179.0,Curtis Junior High,13.0,,,,,,13.0,0.0,0.0,0.0,0.0,
27083.0,University Place School District,3600.0,Curtis Senior High,452.0,52.0,,2.0,4.0,7.0,52.0,452.0,427.0,12.0,13.0,0.9447
33070.0,Valley School District,5223.0,Paideia High School,13.0,5.0,,,,,6.0,12.0,10.0,2.0,0.0,0.8333
6037.0,Vancouver School District,3423.0,Columbia River High,307.0,27.0,,1.0,2.0,12.0,30.0,304.0,279.0,10.0,15.0,0.9178
6037.0,Vancouver School District,2179.0,Fort Vancouver High School,314.0,111.0,3.0,6.0,12.0,40.0,84.0,341.0,255.0,25.0,61.0,0.7478
6037.0,Vancouver School District,3081.0,Hudson's Bay High School,258.0,46.0,1.0,2.0,1.0,6.0,50.0,254.0,240.0,4.0,10.0,0.9449
6037.0,Vancouver School District,4504.0,Skyview High School,468.0,58.0,,,2.0,3.0,55.0,471.0,459.0,7.0,5.0,0.9745
6037.0,Vancouver School District,3556.0,Vancouver Home Connection,3.0,,,,,,3.0,0.0,0.0,0.0,0.0,
17402.0,Vashon Island School District,1938.0,Student Link,14.0,1.0,,,,,1.0,14.0,9.0,5.0,0.0,0.6429
17402.0,Vashon Island School District,2419.0,Vashon Island High School,119.0,20.0,,1.0,,6.0,19.0,120.0,110.0,3.0,7.0,0.9167
35200.0,Wahkiakum School District,3467.0,Wahkiakum High School,34.0,16.0,,,,,14.0,36.0,31.0,5.0,0.0,0.8611
13073.0,Wahluke School District,1835.0,Sentinel Tech Alt School,12.0,1.0,,,1.0,6.0,1.0,12.0,4.0,1.0,7.0,0.3333
13073.0,Wahluke School District,4254.0,Wahluke High School,138.0,11.0,2.0,1.0,4.0,2.0,4.0,145.0,125.0,11.0,9.0,0.8621
36140.0,Walla Walla Public Schools,3468.0,Walla Walla High School,396.0,39.0,,,3.0,20.0,43.0,392.0,358.0,11.0,23.0,0.9133
36140.0,Walla Walla Public Schools,5460.0,Walla Walla Open Doors,53.0,19.0,,,,46.0,8.0,64.0,7.0,11.0,46.0,0.1094
39207.0,Wapato School District,4022.0,Pace Alternative High School,41.0,6.0,,5.0,4.0,7.0,13.0,34.0,6.0,12.0,16.0,0.1765
39207.0,Wapato School District,3141.0,Wapato High School,196.0,14.0,,3.0,7.0,2.0,22.0,188.0,172.0,4.0,12.0,0.9149
13146.0,Warden School District,3273.0,Warden High School,69.0,4.0,,,3.0,1.0,14.0,59.0,53.0,2.0,4.0,0.8983
34975.0,Washington Center for Deaf and Hard of Hearing Youth,4246.0,Washington State School for the Deaf,11.0,2.0,1.0,,1.0,,1.0,12.0,6.0,4.0,2.0,0.5
6112.0,Washougal School District,3147.0,Washougal High School,229.0,41.0,1.0,1.0,2.0,6.0,45.0,225.0,200.0,15.0,10.0,0.8889
33049.0,Wellpinit School District #49,5461.0,Wellpinit Fort Simcoe SEA,43.0,20.0,,1.0,13.0,18.0,9.0,54.0,12.0,10.0,32.0,0.2222
33049.0,Wellpinit School District #49,2550.0,Wellpinit High School,20.0,1.0,,,,,1.0,20.0,18.0,2.0,0.0,0.9
4246.0,Wenatchee School District,3269.0,Special Education School,1.0,,,,,,1.0,0.0,0.0,0.0,0.0,
4246.0,Wenatchee School District,1742.0,Valley Academy Of Learning (Closed after 2018-2019 school year),1.0,,,,,,1.0,0.0,0.0,0.0,0.0,
4246.0,Wenatchee School District,2134.0,Wenatchee High School,466.0,64.0,,2.0,5.0,12.0,38.0,492.0,465.0,8.0,19.0,0.9451
4246.0,Wenatchee School District,1613.0,Westside High School,125.0,17.0,,2.0,6.0,26.0,8.0,134.0,57.0,43.0,34.0,0.4254
32363.0,West Valley School District (Spokane),1628.0,Dishman Hills High School,113.0,26.0,,6.0,10.0,8.0,14.0,125.0,86.0,15.0,24.0,0.688
32363.0,West Valley School District (Spokane),1842.0,Spokane Valley Transition School,83.0,7.0,,1.0,4.0,18.0,3.0,87.0,46.0,18.0,23.0,0.5287
32363.0,West Valley School District (Spokane),3195.0,West Valley High School,206.0,13.0,,,1.0,1.0,17.0,202.0,194.0,6.0,2.0,0.9604
39208.0,West Valley School District (Yakima),3074.0,West Valley High School,358.0,41.0,,13.0,14.0,18.0,33.0,366.0,305.0,16.0,45.0,0.8333
39208.0,West Valley School District (Yakima),5506.0,WEST VALLEY VIRTUAL ACADEMY 9-12,38.0,61.0,,,24.0,40.0,24.0,75.0,4.0,7.0,64.0,0.0533
21303.0,White Pass School District,2859.0,White Pass Jr. Sr. High School,41.0,2.0,,,2.0,6.0,2.0,41.0,31.0,2.0,8.0,0.7561
27416.0,White River School District,4569.0,White River High School,283.0,27.0,1.0,2.0,3.0,5.0,27.0,283.0,264.0,8.0,11.0,0.9329
20405.0,White Salmon Valley School District,2330.0,Columbia High School,94.0,11.0,,1.0,1.0,2.0,16.0,89.0,82.0,3.0,4.0,0.9213
20405.0,White Salmon Valley School District,5077.0,White Salmon Academy,12.0,5.0,,,1.0,2.0,1.0,16.0,12.0,1.0,3.0,0.75
21232.0,Winlock School District,1829.0,Winolequa Learning Academy,14.0,3.0,,,,1.0,2.0,15.0,10.0,4.0,1.0,0.6667
8404.0,Woodland School District,5246.0,Lewis River Academy,,1.0,,,,,1.0,0.0,0.0,0.0,0.0,
8404.0,Woodland School District,1795.0,Woodland Alternative School,36.0,5.0,,1.0,6.0,7.0,2.0,39.0,16.0,9.0,14.0,0.4103
8404.0,Woodland School District,3546.0,Woodland High School,174.0,28.0,1.0,4.0,4.0,7.0,26.0,176.0,154.0,6.0,16.0,0.875
39007.0,Yakima School District,2116.0,Davis High School,517.0,32.0,9.0,3.0,11.0,19.0,44.0,505.0,426.0,37.0,42.0,0.8436
39007.0,Yakima School District,3206.0,Eisenhower High School,517.0,66.0,2.0,6.0,38.0,29.0,73.0,510.0,396.0,39.0,75.0,0.7765
39007.0,Yakima School District,4093.0,Stanton Academy,81.0,17.0,2.0,7.0,13.0,27.0,9.0,89.0,13.0,27.0,49.0,0.1461
39007.0,Yakima School District,5153.0,Yakima Online,23.0,5.0,1.0,,1.0,4.0,5.0,23.0,8.0,9.0,6.0,0.3478
34002.0,Yelm School District,5052.0,Ridgeline Middle School,13.0,1.0,,,,,14.0,0.0,0.0,0.0,0.0,
34002.0,Yelm School District,1627.0,Yelm Extension School,64.0,10.0,,3.0,4.0,18.0,16.0,58.0,17.0,16.0,25.0,0.2931
34002.0,Yelm School District,2633.0,Yelm High School 12,321.0,62.0,,2.0,4.0,7.0,52.0,331.0,305.0,13.0,13.0,0.9215
34002.0,Yelm School District,2481.0,Yelm Middle School,11.0,2.0,,,,,13.0,0.0,0.0,0.0,0.0,
39205.0,Zillah School District,2240.0,Zillah High School,114.0,8.0,2.0,2.0,1.0,3.0,7.0,115.0,105.0,2.0,8.0,0.9129999999999999
,ESD Total,,ESD Total,173.0,22.0,10.0,3.0,5.0,5.0,5.0,190.0,152.0,15.0,23.0,0.8
,ESD Total,,ESD Total,4860.0,700.0,35.0,84.0,206.0,408.0,778.0,4782.0,3714.0,335.0,733.0,0.7767
,ESD Total,,ESD Total,7844.0,1284.0,19.0,70.0,200.0,543.0,1141.0,7987.0,6705.0,450.0,832.0,0.8395
,ESD Total,,ESD Total,5297.0,822.0,15.0,37.0,91.0,266.0,810.0,5309.0,4475.0,425.0,409.0,0.8429
,ESD Total,,ESD Total,4242.0,801.0,43.0,104.0,162.0,410.0,694.0,4349.0,3158.0,472.0,719.0,0.7261
,ESD Total,,ESD Total,5476.0,749.0,21.0,52.0,155.0,342.0,653.0,5572.0,4464.0,538.0,570.0,0.8011
,ESD Total,,ESD Total,3600.0,483.0,20.0,42.0,109.0,311.0,514.0,3569.0,2833.0,254.0,482.0,0.7938
,ESD Total,,ESD Total,30444.0,4609.0,170.0,337.0,692.0,1774.0,3836.0,31217.0,26177.0,2067.0,2973.0,0.8385
,ESD Total,,ESD Total,12779.0,1718.0,47.0,142.0,336.0,926.0,1464.0,13033.0,10469.0,1113.0,1451.0,0.8033
